,Go,Rust
10,5.46484375,4.17578125
100,6.37890625,3.96484375
1000,14.37109375,5.1015625
10000,68.56640625,17.484375
100000,285.51953125,142.1953125
1000000,,
