,Go,Rust
10,3.8984375,4.30859375
100,3.9765625,3.89453125
1000,3.8984375,4.16796875
10000,79.33984375,44.89453125
100000,467.98828125,285.15625
1000000,,
