,Go,Rust
10,3.91015625,4.1953125
100,3.87109375,3.84765625
1000,22.06640625,3.87890625
10000,132.65234375,82.4375
100000,4341.6015625,2789.0859375
1000000,,
