,Go,Rust
10,8.96484375,3.89453125
100,25.81640625,8.27734375
1000,186.35546875,14.625
10000,,
100000,,
1000000,,
