,Go,Rust
10,7.0,3.89453125
100,3.9140625,16.62890625
1000,24.9765625,34.703125
10000,143.99609375,165.03515625
100000,1366.30859375,1440.8203125
1000000,,
