,Go,Rust
10,10.80078125,9.46875
100,18.46484375,14.22265625
1000,31.5703125,29.36328125
10000,140.47265625,177.23828125
100000,1250.64453125,1639.91015625
1000000,,
