n_routines;Rust: 1. Sleep;Rust: 2. Files R;Rust: 3. Files RW;Rust: 4. SQLite;Rust: 5. MySQL;Go: 1. Sleep;Go: 2. Files R;Go: 3. Files RW;Go: 4. SQLite;Go: 5. MySQL
10;3.58203125;3.5859375;3.53125;3.53515625;3.83203125;5.42578125;4.38671875;4.38671875;9.94140625;4.38671875
100;3.6484375;3.83203125;3.83203125;7.70703125;16.7578125;6.3828125;3.53515625;3.53515625;26.79296875;11.296875
1000;5.1015625;3.48046875;5.01953125;14.44140625;32.56640625;14.1875;3.53515625;22.89453125;196.08984375;24.73828125
10000;17.50390625;39.48828125;70.14453125;-1;164.4609375;92.12109375;99.98046875;214.71875;-1;141.65625
100000;142.203125;155.4921875;2755.5546875;-1;1439.34375;870.625;1249.5625;5119.9609375;-1;1249.59375
1000000;1388.84765625;1120.61328125;-1;-1;-1;8668.2890625;12169.90234375;-1;-1;-1
