n_routines;Rust: 1. Sleep;Rust: 2. Files R;Rust: 3. Files RW;Rust: 4. SQLite;Rust: 5. MySQL;Go: 1. Sleep;Go: 2. Files R;Go: 3. Files RW;Go: 4. SQLite;Go: 5. MySQL
10;3.65625;3.3515625;3.3125;3.6796875;3.3984375;5.2734375;4.2265625;4.2265625;9.12890625;4.23828125
100;3.72265625;3.359375;3.48828125;7.62109375;16.48046875;6.26171875;3.24609375;3.37109375;24.77734375;11.171875
1000;5.01171875;3.41015625;15.34375;14.515625;33.32421875;14.0390625;3.375;26.640625;163.875;24.44140625
10000;17.3125;42.40234375;84.69921875;-1;163.3828125;93.07421875;100.59375;220.203125;-1;139.75390625
100000;142.0703125;264.5859375;2628.92578125;-1;1439.80859375;869.46875;1238.22265625;5040.390625;-1;1377.01953125
1000000;1389.1796875;2194.87109375;-1;-1;-1;8674.74609375;12279.99609375;-1;-1;-1
